,prefill_time (ms),decode_time (s),request_e2e_time (s)
count,12576.0,12576.0,12576.0
mean,315.8611793251135,1.135588012749457,1199.9660756118199
std,48.97485910945634,0.9469425338109071,678.4339970022412
min,216.51339530944824,0.0932309627532959,21.842231273651123
25%,319.20284032821655,0.31997424364089966,611.3297711610794
50%,333.7005376815796,0.7442442178726196,1202.6082088947296
75%,346.10551595687866,1.9186586737632751,1787.9262800812721
max,1044.3384647369385,3.4319727420806885,2368.8147585392
