,prefill_time (ms),decode_time (s),request_e2e_time (s)
count,12576.0,12576.0,12576.0
mean,545.569139563552,3.8480459660784585,1037.6382285446573
std,181.51089793087792,3.2274706898497945,574.4920962575665
min,187.57152557373047,0.08132266998291016,24.232131958007812
25%,379.67801094055176,1.0780502557754517,547.6291318535805
50%,403.29134464263916,2.513256549835205,1039.363165974617
75%,738.9403581619263,6.473307728767395,1533.5077647566795
max,857.499361038208,12.064297676086426,2025.2459921836853
