,prefill_time (ms),decode_time (s),request_e2e_time (s)
count,12576.0,12576.0,12576.0
mean,567.1114757391636,4.085699514218111,1065.9168491707048
std,188.87431070689627,3.4067666038609925,601.8888913742743
min,374.7878074645996,0.17589831352233887,21.483617067337036
25%,397.60875701904297,1.1363861560821533,543.059473156929
50%,417.19698905944824,2.6524710655212402,1064.2571287155151
75%,775.1201391220093,6.893911242485046,1585.6422764062881
max,940.5295848846436,12.067139625549316,2104.733987092972
