,prefill_time (ms),decode_time (s),request_e2e_time (s)
count,12576.0,12576.0,12576.0
mean,316.1289802072309,1.1623243958364613,1193.0872262500739
std,48.12423096482904,0.9618634454394015,679.5975658482879
min,217.34023094177246,0.09728717803955078,20.381617784500122
25%,319.1561698913574,0.32275480031967163,602.8721801042557
50%,334.35165882110596,0.7499310970306396,1192.8391599655151
75%,346.4188575744629,1.9602328538894653,1782.1234301924706
max,476.46379470825195,3.4488043785095215,2369.390597820282
