,prefill_time (ms),decode_time (s),request_e2e_time (s)
count,12576.0,12576.0,12576.0
mean,543.3337287669267,3.850736669892725,1024.9098826613629
std,180.46902430614242,3.2355327042685644,577.3431109185816
min,374.5598793029785,0.09480452537536621,25.000688791275024
25%,379.8680305480957,1.0789384841918945,521.7991077303886
50%,392.9976224899292,2.5129690170288086,1031.3043801784515
75%,739.3107414245605,6.476653099060059,1524.6000343561172
max,841.2089347839355,11.991377592086792,2017.2519886493683
