,prefill_time (ms),decode_time (s),request_e2e_time (s)
count,12576.0,12576.0,12576.0
mean,314.7381916073442,1.1347976309311298,1182.3726199510443
std,48.67043445638135,0.9503855452734498,677.2674934879813
min,216.10379219055176,0.09440946578979492,23.516420602798462
25%,315.6920075416565,0.32098984718322754,587.9835493564606
50%,332.75771141052246,0.7355591058731079,1179.2299443483353
75%,346.22031450271606,1.921461284160614,1768.6687234640121
max,593.9648151397705,3.4450831413269043,2360.0245032310486
