,prompt_length,response_length
count,12576.0,12576.0
mean,3673.1851145038167,44.67597010178117
std,132.64040838543465,39.83557914800335
min,3098.0,1.0
25%,3588.0,11.0
50%,3662.0,24.0
75%,3744.0,81.0
max,4805.0,217.0
