,prompt_length,response_length
count,12576.0,12576.0
mean,3677.6995865139947,43.60663167938932
std,146.73582517127784,39.20105184505744
min,3096.0,1.0
25%,3587.0,11.0
50%,3663.0,24.0
75%,3749.0,80.0
max,5852.0,170.0
