,prompt_length,response_length
count,12576.0,12576.0
mean,3677.934239821883,43.745149491094146
std,152.13509916818384,39.489191922063576
min,3138.0,1.0
25%,3587.0,11.0
50%,3663.0,23.0
75%,3749.0,80.0
max,6763.0,217.0
