,prefill_time (ms),decode_time (s),request_e2e_time (s)
count,12576.0,12576.0,12576.0
mean,170.03007953555226,0.18649611423033793,0.3587953735512632
std,14.013243734854859,0.15443337662086717,0.15589617578551676
min,137.26043701171875,0.016852378845214844,0.15630054473876953
25%,158.5596799850464,0.05135631561279297,0.2235676646232605
50%,164.26706314086914,0.11993181705474854,0.29910731315612793
75%,181.2315583229065,0.30896610021591187,0.48826926946640015
max,342.6187038421631,0.5371880531311035,0.7475519180297852
